assignment_id,equipment_id,project_id,work_order_id,worker_id,assigned_from,assigned_to,note
AS-0601,EQ-01,PJ-01,WO1,WK-01,2026-09-06T16:00:00,2026-09-07T00:00:00,전일 오후 박대조
AS-0701,EQ-01,PJ-01,WO1,WK-01,2026-09-07T06:00:00,2026-09-07T08:00:00,조업 시작 박대조
AS-0702,EQ-01,PJ-01,WO1,WK-02,2026-09-07T08:00:00,2026-09-07T18:00:00,교대 최실측
AS-0703,EQ-02,PJ-01,WO1,WK-02,2026-09-07T06:00:00,2026-09-07T18:00:00,같은 프로젝트 다른 장비
AS-0704,EQ-03,PJ-02,WO2,WK-03,2026-09-07T06:00:00,2026-09-07T18:00:00,단절이어도 배정 유지
AS-0705,EQ-04,PJ-02,WO2,WK-06,2026-09-07T07:00:00,2026-09-07T18:00:00,오류 장비 배정
AS-0706,EQ-05,PJ-02,WO3,WK-04,2026-09-07T06:00:00,2026-09-07T18:00:00,같은 프로젝트 C라인
AS-0707,EQ-06,PJ-02,WO3,WK-04,2026-09-07T07:00:00,2026-09-07T18:00:00,한 작업자 두 장비
AS-0708,EQ-07,PJ-03,WO4,WK-05,2026-09-07T06:00:00,2026-09-07T18:00:00,철의장 D라인
